"","X1","Name","ID","Day","Time","Time Offset","TimeOffset.mmss","GMT","Tag.Time","Snap","Follow.Time","Tdiff","Distance.RF","Distance.V","Distance","Bearing.Goni","Bearing.HH","TagClear","TCL","TCC","TCR","Behav","WPT","Comments","Count","Satellites","Bad Sats","Good.Sats","Residual","Time Error","Latitude","Longitude","Follow.Time.","Track.Time","Track.Lat","Track.Lon","Tdiff.Follow.Track","Tdiff.Tag.Track","LocSolve.Lat","LocSolve.Lon","Geoid","SatsUsed","Clk Error","CEP","R95","N/A","LocSolve.Residual","Comment","crwl.lon.tag","crwl.lat.tag","crwl.lon.follow","crw.lat.follow","Tag.Lat.WGS","Tag.Lon.WGS","Tag.Lat.UTM","Tag.Lon.UTM","LS.Tag.Lat.WGS","LS.Tag.Lon.WGS","LS.Tag.Lat.UTM","LS.Tag.Lon.UTM","Dolphin.Lon","Dolphin.Lat","dist.WGS","distance","LS.distance"
"1",1,179062,"F283",2019-06-05,19:21:16,-17,00:00:17,04:00:00,15:20:59,1,15:21:00,00:00:01,NA,30,30,NA,340,"Y","Y","Y","Y",NA,NA,NA,1,4,NA,4,0.2,0.2,27.4854,-82.7022,15:21:00,15:21:00,27.48517966,-82.70225812,00:00:00,00:00:01,27.485257,-82.702546,-26,4,0.055,0,0,0,0.207113,NA,-82.702254,27.48516,-82.702252,27.485166,27.4854,-82.7022,1274385.65556499,-10257555.3128754,27.485257,-82.702546,1274349.43813413,-10257540.9504334,-82.702355825836,27.4854204036506,15.5646051313765,15.5646051313765,26.0974413820917
"2",2,179062,"F283",2019-06-05,20:24:29,-17,00:00:17,04:00:00,16:24:12,2,16:24:20,00:00:08,NA,100,100,NA,340,"Y","Y","Y","Y","TR",NA,NA,4,5,NA,5,14.1,-0.5,27.5023,-82.7078,16:24:20,16:24:20,27.50160224,-82.70761441,00:00:00,00:00:08,27.502212,-82.707648,-26,5,0.505,24.152596,50.210831,0,16.011999,NA,-82.707621,27.50151,-82.707627,27.50157,27.5023,-82.7078,1273711.83790243,-10257582.7841568,27.502212,-82.707648,1273728.43483343,-10257587.0576795,-82.7079731392758,27.5024180098314,21.5333225212844,21.5333225212844,39.4116161726797
"3",3,179062,"F283",2019-06-05,20:39:57,-17,00:00:17,04:00:00,16:39:40,3,16:39:45,00:00:05,NA,100,100,NA,260,"Y","Y","Y","Y","TR",NA,NA,2,4,NA,4,0.2,-0.1,27.5064,-82.7097,16:39:45,16:39:44,27.50740478,-82.70954459,00:00:01,00:00:04,27.506371,-82.709741,-26,4,-0.09,0,0,0,1.483953,NA,-82.709484,27.507415,-82.709583,27.507395,27.5064,-82.7097,1273490.69037689,-10257569.9267046,27.506371,-82.709741,1273486.45433423,-10257568.0604851,-82.7105797117512,27.5072382905872,127.217166143781,127.217166143781,126.900476949182
"4",4,179062,"F283",2019-06-05,21:13:07,-17,00:00:17,04:00:00,17:12:50,4,17:11:59,00:00:51,NA,10,10,NA,150,"Y","Y","Y","Y","TR",NA,NA,3,4,NA,4,0.5,-0.1,27.5126,-82.7035,17:11:59,17:11:58,27.51254045,-82.70449617,00:00:01,00:00:52,27.512668,-82.703502,-26,4,-0.135,0,0,0,0.959629,NA,-82.704191,27.51294,-82.704488,27.512554,27.5126,-82.7035,1274122.95699309,-10257876.7458638,27.512668,-82.703502,1274122.43326204,-10257877.5941631,-82.7044373932217,27.5124758470606,93.631568781173,93.631568781173,94.8388833861662
"5",5,179062,"F283",2019-06-05,21:28:14,-17,00:00:17,04:00:00,17:27:57,5,17:27:59,00:00:02,NA,40,40,NA,105,"Y","Y","Y","Y","TR",NA,NA,4,4,NA,4,1.4,-0.4,27.5184,-82.6978,17:27:59,17:27:58,27.51925075,-82.69769811,00:00:01,00:00:01,27.519138,-82.697611,-26,4,-0.385,0,0,0,3.241888,NA,-82.697724,27.519224,-82.69771,27.519247,27.5184,-82.6978,1274703.73176885,-10258160.304661,27.519138,-82.697611,1274720.49254961,-10258177.0993929,-82.6973189172296,27.5191535728729,96.0833999722357,96.0833999722357,28.9078799208429
"6",6,179062,"F283",2019-06-05,21:43:55,-17,00:00:17,04:00:00,17:43:38,6,17:44:53,00:01:15,NA,300,300,NA,225,"Y","Y","Y","Y","TR",NA,NA,2,5,NA,5,1.8,0,27.5257,-82.7004,17:44:53,17:44:52,27.52757424,-82.70068165,00:00:01,00:01:14,27.525816,-82.700474,-26,5,-0.027187,26.173056,54.411166,0,2.52667,NA,-82.699912,27.527156,-82.700676,27.527584,27.5257,-82.7004,1274393.34883442,-10258165.5896915,27.525816,-82.700474,1274384.93474547,-10258164.4967082,-82.7028233200076,27.5256696392967,239.421460497099,239.421460497099,232.653292468729
"7",7,179062,"F283",2019-06-06,14:52:07,-21,00:00:21,04:00:00,10:51:46,7,10:52:43,00:00:57,NA,60,60,53,260,"Y","Y","Y","Y",NA,NA,NA,2,7,1,6,13.2,-1.4,27.4818,-82.696,10:52:43,10:52:40,27.48145575,-82.69576399,00:00:03,00:00:54,27.481875,-82.696132,-26,6,-0.366563,14.010347,29.126111,0,11.514361,NA,-82.695334,27.481897,-82.695836,27.481432,27.4818,-82.696,1275062.77155741,-10257729.2132331,27.481875,-82.696132,1275048.36271123,-10257725.489371,-82.6964338871157,27.4813379748601,66.7826376645713,66.7826376645713,66.5685915932419
"8",8,179062,"F283",2019-06-06,16:57:39,-22,00:00:22,04:00:00,12:57:17,8,12:58:13,00:00:56,NA,50,50,NA,30,"Y","Y","Y","Y",NA,NA,NA,2,4,NA,4,0.7,-0.8,27.4767,-82.6737,12:58:13,12:58:10,27.47650665,-82.6731554,00:00:03,00:00:53,27.476555,-82.67338,-26,4,0.165,0,0,0,4.111632,NA,-82.673547,27.475665,-82.673098,27.476569,27.4767,-82.6737,1277462.54507475,-10258460.7138221,27.476555,-82.67338,1277497.3118209,-10258470.2319714,-82.6728450472969,27.4769597664296,89.2658081089378,89.2658081089378,69.3331798355712
"9",9,179062,"F283",2019-06-13,12:56:23,-58,00:00:58,04:00:00,08:55:25,9,08:55:27,00:00:02,NA,15,15,NA,165,"Y","Y","Y","Y","TR",63,"frame 24 of cam a",3,5,1,4,1.3,-1.1,27.478,-82.6908,08:55:27,08:55:31,27.47810164,-82.69104565,00:00:04,00:00:06,27.477939,-82.690889,-26,4,-0.10625,0,0,0,2.565808,NA,-82.690924,27.478196,-82.690947,27.478175,27.478,-82.6908,1275634.26666687,-10257864.4192015,27.477939,-82.690889,1275625.06084741,-10257860.3967172,-82.6909077182291,27.4780442469471,11.7207871799909,11.7207871799909,11.8083406063054
"10",10,179062,"F283",2019-06-13,14:10:15,-58,00:00:58,04:00:00,10:09:17,10,10:09:31,00:00:14,NA,75,75,NA,270,"Y","Y","Y","Y","TR",99,NA,4,7,3,4,0.3,-1.3,27.4787,-82.7004,10:09:31,10:09:31,27.47883582,-82.69961178,00:00:00,00:00:14,27.478812,-82.700432,-26,7,-0.3575,13.907028,28.91132,0,11.81607,NA,-82.699621,27.478802,-82.699604,27.478803,27.4787,-82.7004,1274608.03685242,-10257529.2352612,27.478812,-82.700432,1274604.11580311,-10257529.6029909,-82.7003628707388,27.4788029979318,11.9887094863241,11.9887094863241,6.90455643695269
"11",12,179062,"F283",2019-06-13,14:31:44,-58,00:00:58,04:00:00,10:30:46,11,10:30:48,00:00:02,NA,50,50,NA,235,"Y","Y","Y","Y","TR",146,NA,3,7,1,6,7.6,-1.1,27.4788,-82.7001,10:30:48,10:30:51,27.47899516,-82.69989459,00:00:03,00:00:05,27.478767,-82.700138,-26,6,-0.068125,9.944631,20.673894,0,2.368744,"was implausaible. Now closer.",-82.699848,27.478941,-82.699863,27.478935,27.4788,-82.7001,1274639.55009893,-10257541.3603634,27.478767,-82.700138,1274635.6511919,-10257539.5491593,-82.7002774198702,27.4786761911759,22.2639631203025,22.2639631203025,17.0621782620368
"12",15,179062,"F283",2019-06-14,16:43:07,-64,00:01:04,04:00:00,12:42:03,12,12:42:05,00:00:02,NA,10,10,NA,150,"Y","Y","Y","Y","TR",394,"FR 35 Cam B",1,4,NA,4,42.2,6.2,27.4526,-82.6388,12:42:05,12:42:02,27.47882023,-82.66465732,00:00:03,00:00:01,27.48161,-82.666719,-26,4,-0.495,0,0,0,11.162634,NA,-82.664695,27.478766,-82.664691,27.478748,27.4526,-82.6388,1281292.81147871,-10259384.6692369,27.48161,-82.666719,1278184.01593315,-10258778.1537751,-82.6646404086782,27.4786698466808,3856.02403546048,3856.02403546048,385.158343378519
"13",16,179062,"F283",2019-06-14,16:53:46,-64,00:01:04,04:00:00,12:52:42,13,12:52:44,00:00:02,NA,60,60,NA,315,"Y","Y","Y","Y","TR",410,NA,1,4,NA,4,9.3,6.2,27.5227,-82.6556,12:52:44,12:52:42,27.47695869,-82.66948571,00:00:02,00:00:00,27.481941,-82.668708,-26,4,0.475,0,0,0,2.528775,NA,-82.669531,27.476967,-82.669531,27.476967,27.5227,-82.6556,1279180.10047855,-10259737.2587141,27.481941,-82.668708,1277970.53285268,-10258711.2242954,-82.669960276484,27.4773498708862,5221.80467526147,5221.80467526147,523.58561965809
"14",17,179063,"F266",2019-06-06,20:47:47,-19,00:00:19,04:00:00,16:47:28,1,16:47:28,00:00:00,NA,50,50,NA,335,"Y","Y","Y","Y","TR",NA,NA,2,5,1,4,0.3,0.6,27.3496,-82.5993,16:47:28,16:47:29,27.35056152,-82.59871982,00:00:01,00:00:01,27.350907,-82.598749,-26,5,0.250312,22.461306,46.694808,0,8.866033,NA,-82.59876,27.350539,-82.59876,27.350539,27.3496,-82.5993,1285978.03672745,-10259386.4877778,27.350907,-82.598749,1286030.80236022,-10259424.1060313,-82.5989735624021,27.3509479500451,152.817487438311,152.817487438311,22.6779172981041
"15",18,179063,"F266",2019-06-10,15:22:52,-36,00:00:36,04:00:00,11:22:16,2,11:23:30,00:01:14,NA,50,50,NA,275,"Y","Y","Y","Y","TR",154,"beginning follow",1,4,NA,4,0.8,-0.6,27.3584,-82.5891,11:23:30,11:23:33,27.35877469,-82.5893937,00:00:03,00:01:17,27.358514,-82.589207,-26,4,0.425,0,0,0,0.44465,NA,-82.588814,27.357161,-82.589409,27.358675,27.3584,-82.5891,1287025.53150209,-10259871.4764367,27.358514,-82.589207,1287013.59371066,-10259869.2257188,-82.5899124438711,27.3587143260397,87.6034268240494,87.6034268240494,73.2402225982723
"16",19,179063,"F266",2019-06-11,13:23:48,-40,00:00:40,04:00:00,09:23:08,3,09:23:13,00:00:05,NA,70,70,NA,130,"Y","Y","Y","Y","MI",289,NA,1,5,1,4,0.2,-0.8,27.3093,-82.563,09:23:13,09:23:13,27.30994776,-82.56364005,00:00:00,00:00:05,27.309253,-82.562932,-26,5,0.23625,14.093343,29.298652,0,0.476456,NA,-82.563723,27.310294,-82.563621,27.310127,27.3093,-82.563,1290036.09101131,-10260125.0591285,27.309253,-82.562932,1290043.56315468,-10260126.8311493,-82.5630792512799,27.3097209365358,47.2983423289148,47.2983423289148,53.8608730010938
"17",20,179063,"F266",2019-06-12,13:07:16,-45,00:00:45,04:00:00,09:06:31,4,09:07:19,00:00:48,NA,40,40,NA,225,"Y","Y","Y","Y","MI",27,NA,1,6,2,4,0.7,-0.5,27.3495,-82.601,09:07:19,09:07:18,27.34978887,-82.60053861,00:00:01,00:00:47,27.349389,-82.601104,-26,5,0.535,19.71337,40.982124,0,3.540042,NA,-82.600663,27.349882,-82.600518,27.349796,27.3495,-82.601,1285797.16396718,-10259324.4648857,27.349389,-82.601104,1285786.58072161,-10259319.2297463,-82.6008038551618,27.3495407473403,19.9260838662279,19.9260838662279,34.1280904664406
"18",21,179063,"F266",2019-06-12,13:17:38,-45,00:00:45,04:00:00,09:16:53,5,09:16:46,00:00:07,NA,15,15,NA,225,"Y","Y","Y","Y","PF",42,NA,1,4,NA,4,1,-1.1,27.3492,-82.6004,09:16:46,09:16:48,27.34962509,-82.60072092,00:00:02,00:00:05,27.349482,-82.600814,-26,4,-0.09,0,0,0,2.299611,NA,-82.600713,27.349631,-82.600722,27.349641,27.3492,-82.6004,1285862.54208856,-10259341.7486178,27.349482,-82.600814,1285817.08654041,-10259330.8532707,-82.60082919569,27.3495452803201,57.1604376091864,57.1604376091864,7.17142025580715
"19",22,179063,"F266",2019-06-12,13:58:05,-45,00:00:45,04:00:00,09:57:20,6,09:57:23,00:00:03,NA,25,25,350,145,"N","Y","Y","Y","SO",119,NA,1,5,1,4,0.1,-1.3,27.354,-82.6044,09:57:23,09:57:19,27.35428149,-82.60491463,00:00:04,00:00:01,27.353946,-82.60435,-26,4,-0.2875,0,0,0,1.50419,NA,-82.60493,27.354255,-82.604909,27.35424,27.354,-82.6044,1285413.83177691,-10259264.9591433,27.353946,-82.60435,1285419.41295848,-10259266.0018395,-82.6047640727797,27.3540551884068,36.5375608130426,36.5375608130426,42.7184822173363
"20",24,179063,"F266",2019-06-12,14:20:00,-45,00:00:45,04:00:00,10:19:15,7,10:19:19,00:00:04,NA,30,30,NA,155,"Y","Y","Y","Y","TR",154,NA,5,6,2,4,0.2,-0.9,27.3504,-82.5991,10:19:19,10:19:19,27.35059882,-82.59908041,00:00:00,00:00:04,27.350373,-82.599075,-26,4,0.174375,0,0,0,1.142524,NA,-82.599098,27.350552,-82.599114,27.350588,27.3504,-82.5991,1285995.69309515,-10259404.6160387,27.350373,-82.599075,1285998.48383537,-10259405.136963,-82.5989858632553,27.3503426298064,12.9596300713511,12.9596300713511,9.4399070407712
"21",25,179063,"F266",2019-06-12,14:30:17,-45,00:00:45,04:00:00,10:29:32,8,10:29:56,00:00:24,NA,25,25,NA,150,"Y","Y","Y","Y",NA,170,NA,1,4,NA,4,0.3,-0.8,27.3487,-82.5972,10:29:56,10:29:59,27.34865371,-82.59682543,00:00:03,00:00:27,27.348854,-82.597641,-26,4,0.17,0,0,0,1.310951,NA,-82.596589,27.348709,-82.596769,27.348661,27.3487,-82.5972,1286206.17351039,-10259449.0374085,27.348854,-82.597641,1286158.42541992,-10259435.4214812,-82.5966426698925,27.3484656130197,60.9561536036481,60.9561536036481,107.749672377187
"22",26,179063,"F266",2019-06-12,14:50:24,-45,00:00:45,04:00:00,10:49:39,9,10:49:37,00:00:02,NA,10,10,NA,270,"Y","Y","Y","Y",NA,199,"CA 113",2,4,NA,4,1.6,-1.3,27.3532,-82.5918,10:49:37,10:49:39,27.35316678,-82.59167148,00:00:02,00:00:00,27.353184,-82.591769,-26,4,-0.33,0,0,0,1.4233,NA,-82.591689,27.353147,-82.591699,27.353132,27.3532,-82.5918,1286761.47452905,-10259703.5798144,27.353184,-82.591769,1286764.85477798,-10259704.4659388,-82.5918000683212,27.3531319999634,7.53502597594954,7.53502597594954,6.53077005028329
"23",27,179063,"F266",2019-06-12,15:01:35,-45,00:00:45,04:00:00,11:00:50,10,11:00:42,00:00:08,NA,120,120,NA,180,"Y","Y","Y","Y",NA,214,NA,4,6,2,4,0.8,-1.6,27.3518,-82.5837,11:00:42,11:00:39,27.35324213,-82.58293821,00:00:03,00:00:11,27.352434,-82.583447,-26,6,-0.517344,12.78005,26.568446,0,11.268853,NA,-82.582885,27.3532,-82.582945,27.353221,27.3518,-82.5837,1287631.91877187,-10259973.3461413,27.352434,-82.583447,1287655.98515178,-10259991.1042473,-82.582945,27.3521380563887,83.5686986624423,83.5686986624423,59.5187419986449
"24",28,179063,"F266",2019-06-12,15:36:48,-45,00:00:45,04:00:00,11:36:03,11,11:37:12,00:01:09,NA,70,70,9,235,"N","N","Y","N","TR",204,NA,2,8,NA,8,9.4,-0.8,27.3572,-82.5926,11:37:12,11:37:09,27.35748312,-82.59301267,00:00:03,00:01:06,27.35705,-82.592541,-26,8,0.19625,14.300453,29.729213,0,22.601803,"looks off. Bearing good, but tag did not clear..",-82.593,27.357188,-82.593126,27.357427,27.3572,-82.5926,1286657.73642277,-10259730.0449107,27.35705,-82.592541,1286664.71981437,-10259730.0877462,-82.5937055527241,27.3570646609876,110.406015116682,110.406015116682,115.231696837639
"25",29,179063,"F266",2019-06-14,11:52:35,-54,00:00:54,04:00:00,07:51:41,12,07:51:58,00:00:17,41,45,41,NA,315,"Y","Y","Y","Y","TR",9,"Frame 2 of Cam B - non focal",1,4,NA,4,1.5,0.1,27.3589,-82.6035,07:51:58,07:52:02,27.35868098,-82.60373597,00:00:04,00:00:21,27.358893,-82.603572,-26,4,0.095,0,0,0,1.036608,NA,-82.603715,27.358272,-82.603679,27.358596,27.3589,-82.6035,1285487.31329289,-10259364.3638789,27.358893,-82.603572,1285479.665979,-10259361.6978674,-82.6039720260601,27.3588576330294,46.9366222210567,46.9366222210567,39.771280846616
"26",30,179063,"F266",2019-06-14,12:00:30,-54,00:00:54,04:00:00,07:59:36,13,07:59:52,00:00:16,55,70,55,NA,315,"Y","Y","Y","Y","TR",18,NA,4,5,1,4,0.3,0,27.3653,-82.6059,07:59:52,07:59:52,27.36474437,-82.60595039,00:00:00,00:00:16,27.36471,-82.60671,-26,5,-0.116094,26.268598,54.609789,0,6.472323,NA,-82.605974,27.364531,-82.60603,27.364784,27.3653,-82.6059,1285201.92515819,-10259366.5579908,27.36471,-82.60671,1285118.24568066,-10259329.5391524,-82.6064231059091,27.3651349706825,54.8878804178205,54.8878804178205,54.9830606836363
"27",31,179063,"F266",2019-06-14,12:10:44,-54,00:00:54,04:00:00,08:09:50,14,08:09:14,00:00:36,NA,30,30,NA,180,"Y","Y","Y","Y","TR",31,NA,1,4,NA,4,0.5,-0.1,27.3711,-82.6099,08:09:14,08:09:12,27.37135635,-82.60974579,00:00:02,00:00:38,27.371119,-82.610093,-26,4,-0.105,0,0,0,0.676608,NA,-82.609463,27.371634,-82.609605,27.371363,27.3711,-82.6099,1284748.66399173,-10259303.3148814,27.371119,-82.610093,1284727.99315885,-10259296.6825944,-82.609605,27.3710922648167,29.1960504015739,29.1960504015739,48.3671861574452
"28",32,179063,"F266",2019-06-14,12:20:54,-54,00:00:54,04:00:00,08:20:00,15,08:20:02,00:00:02,43,NA,43,NA,185,"Y","Y","Y","Y","SO",46,NA,1,5,1,4,0.4,0.7,27.3706,-82.614,08:20:02,08:20:02,27.37118368,-82.61403096,00:00:00,00:00:02,27.370741,-82.614024,-26,5,0.70625,4.22109,8.775224,0,0.473269,"THIS is a great exemplter. Close in time and with a laser range finder distance - only 5 m differencfe",-82.61399,27.371173,-82.613985,27.371182,27.3706,-82.614,1284313.69432329,-10259150.0296666,27.370741,-82.614024,1284310.48731102,-10259151.1058971,-82.6140228833552,27.3707954228806,21.7726953891007,21.7726953891007,6.03157736855953
"29",33,179063,"F266",2019-06-14,12:53:55,-54,00:00:54,04:00:00,08:53:01,16,08:53:01,00:00:00,NA,80,80,NA,25,"Y","Y","Y","Y","TR",94,NA,1,4,NA,4,0.3,-0.3,27.3724,-82.6105,08:53:01,08:53:02,27.3726159,-82.61113912,00:00:01,00:00:01,27.372475,-82.610651,-26,4,-0.32,0,0,0,3.452502,NA,-82.611141,27.372635,-82.611141,27.372635,27.3724,-82.6105,1284678.70143032,-10259299.7196972,27.372475,-82.610651,1284662.25278801,-10259295.3552533,-82.6107992315614,27.3732893178319,102.894756237659,102.894756237659,91.4178243742564
"30",34,179063,"F266",2019-06-14,13:04:20,-54,00:00:54,04:00:00,09:03:26,17,09:03:28,00:00:02,NA,25,25,NA,175,"Y","Y","Y","Y","MI",111,NA,2,6,NA,6,4.7,-0.2,27.3728,-82.6129,09:03:28,09:03:32,27.37272277,-82.61301977,00:00:04,00:00:06,27.372778,-82.612995,-26,6,-0.198906,14.057675,29.224501,0,7.132944,NA,-82.612973,27.37276,-82.612996,27.372748,27.3728,-82.6129,1284420.90592349,-10259219.4844842,27.372778,-82.612995,1284410.87532311,-10259215.7896247,-82.6129739744514,27.3725232459151,31.5280020146358,31.5280020146358,28.3056737614468
"31",35,179063,"F266",2019-06-14,14:07:42,-54,00:00:54,04:00:00,10:06:48,18,10:06:42,00:00:06,NA,45,45,NA,165,"Y","Y","Y","Y","MI",222,NA,1,5,1,4,0.5,0.3,27.3691,-82.6074,10:06:42,10:06:42,27.36930714,-82.60686007,00:00:00,00:00:06,27.368977,-82.607118,-26,4,0.296953,0,0,0,2.406708,NA,-82.606893,27.369315,-82.606848,27.369302,27.3691,-82.6074,1285024.48213396,-10259365.1540013,27.368977,-82.607118,1285055.12333036,-10259373.5364754,-82.6067302704845,27.3689097346726,69.5291461827921,69.5291461827921,39.0751421295824
"32",36,179063,"F266",2019-06-14,14:17:53,-54,00:00:54,04:00:00,10:16:59,19,10:17:01,00:00:02,NA,7,7,NA,10,"Y","Y","Y","Y","PF",241,NA,2,4,NA,4,0.1,0.2,27.3682,-82.6046,10:17:01,10:17:02,27.36881076,-82.60547446,00:00:01,00:00:03,27.368736,-82.605303,-26,4,0.075,0,0,0,0.725119,NA,-82.605463,27.3688,-82.605456,27.368807,27.3682,-82.6046,1285327.24653509,-10259452.7899176,27.368736,-82.605303,1285249.80550636,-10259435.0440546,-82.6054437130321,27.3688692118459,111.650559204646,111.650559204646,20.2897477276126
"33",37,179063,"F266",2019-06-14,14:28:26,-54,00:00:54,04:00:00,10:27:32,20,10:27:34,00:00:02,NA,7,7,NA,225,"Y","Y","Y","Y","TR",258,NA,2,5,1,4,1,0,27.3736,-82.6087,10:27:34,10:27:32,27.37368467,-82.60856923,00:00:02,00:00:00,27.37278,-82.608348,-26,4,0.000469,0,0,0,2.031045,NA,-82.608544,27.373703,-82.608555,27.373702,27.3736,-82.6087,1284865.15632309,-10259380.4764917,27.37278,-82.608348,1284906.46537772,-10259381.7976834,-82.6086050354934,27.3736573309805,11.3407169745899,11.3407169745899,100.486819490221
"34",38,179063,"F266",2019-06-14,14:49:12,-54,00:00:54,04:00:00,10:48:18,21,10:48:14,00:00:04,NA,65,65,NA,300,"Y","Y","Y","Y","MI",NA,NA,1,4,NA,4,1,-0.6,27.3733,-82.6111,10:48:14,10:48:12,27.37298571,-82.61062916,00:00:02,00:00:06,27.373245,-82.611211,-26,4,-0.59,0,0,0,0.815871,NA,-82.610613,27.373054,-82.610621,27.373062,27.3733,-82.6111,1284610.57716785,-10259290.6347365,27.373245,-82.611211,1284598.99181298,-10259285.9155394,-82.6111900336558,27.3733552952055,10.8106489783948,10.8106489783948,12.3964913171632
"35",40,179064,"F264",2019-06-06,20:36:56,-19,00:00:19,04:00:00,16:36:37,1,16:38:07,00:01:30,20,NA,20,NA,240,"Y","Y","Y","Y",NA,NA,NA,1,6,NA,6,9.4,-1.8,27.3403,-82.5908,16:38:07,16:38:09,27.34169522,-82.59287302,00:00:02,00:01:32,27.340719,-82.590931,-26,6,-0.775586,15.692347,32.622819,0,11.416673,NA,-82.590958,27.340487,-82.59279,27.34167,27.3403,-82.5908,1286927.48750337,-10259561.7971684,27.340719,-82.590931,1286911.58627018,-10259562.8900608,-82.5929650373104,27.3415797544465,256.919780271478,256.919780271478,222.730711588462
"36",41,179064,"F264",2019-06-06,20:52:16,-19,00:00:19,04:00:00,16:51:57,2,16:51:56,00:00:01,NA,70,70,NA,275,"Y","Y","Y","Y","TR",NA,NA,1,5,NA,5,5.4,-2.1,27.355,-82.6023,16:51:56,16:51:54,27.35511985,-82.60126088,00:00:02,00:00:03,27.355115,-82.602298,-26,5,-1.122812,17.214748,35.78774,0,4.908415,NA,-82.601319,27.355163,-82.601303,27.355155,27.355,-82.6023,1285633.22814033,-10259353.6299068,27.355115,-82.602298,1285632.91300813,-10259355.2807926,-82.602007799234,27.3552100559753,37.1161195892188,37.1161195892188,30.5838289115334
"37",42,179064,"F264",2019-06-06,21:07:41,-20,00:00:20,04:00:00,17:07:21,3,17:07:21,00:00:00,NA,100,100,NA,255,"Y","Y","Y","Y","TR",NA,NA,1,7,1,6,11.9,-1.1,27.3724,-82.6066,17:07:21,17:07:19,27.37256913,-82.60564168,00:00:02,00:00:02,27.372668,-82.606539,-26,6,-0.118125,13.073234,27.177947,0,10.911621,NA,-82.605652,27.372668,-82.605652,27.372668,27.3724,-82.6066,1285094.63615105,-10259439.0175469,27.372668,-82.606539,1285099.90988141,-10259444.8747702,-82.6066284143394,27.3724344252239,4.73842744163232,4.73842744163232,27.3520248432681
"38",43,179064,"F264",2019-06-10,12:18:47,-37,00:00:37,04:00:00,08:18:10,4,08:19:01,00:00:51,NA,80,80,333,210,"Y","Y","Y","Y","TR",6,NA,1,4,NA,4,5.2,1.1,27.2992,-82.5445,08:19:01,08:19:02,27.31453132,-82.5426443,00:00:01,00:00:52,27.304095,-82.543769,-26,4,0.385,0,0,0,8.055343,"was implausble before. Now not gtreat but better.",-82.542752,27.315381,-82.542726,27.314587,27.2992,-82.5445,1292056.70785229,-10260643.935513,27.304095,-82.543769,1292112.0991393,-10260737.7416095,-82.5431301312093,27.3139617581923,1641.33680499429,1641.33680499429,1095.14694552052
"39",44,179064,"F264",2019-06-10,12:28:57,-37,00:00:37,04:00:00,08:28:20,5,08:27:50,00:00:30,NA,15,15,7,300,"Y","Y","Y","Y","TR",23,NA,3,7,NA,7,9.5,-1.8,27.3114,-82.5488,08:27:50,08:27:52,27.31120446,-82.54783547,00:00:02,00:00:28,27.311431,-82.548791,-26,7,-0.809375,12.500918,25.988158,0,5.961546,NA,-82.548311,27.311387,-82.54776,27.311215,27.3114,-82.5488,1291541.53225605,-10260659.7385077,27.311431,-82.548791,1291542.34937525,-10260660.4880119,-82.5478912423078,27.3112826843156,90.8834150563097,90.8834150563097,90.5617914100362
"40",45,179064,"F264",2019-06-10,12:39:32,-37,00:00:37,04:00:00,08:38:55,6,08:39:05,00:00:10,NA,200,200,NA,180,"Y","Y","Y","Y","TR",42,NA,1,7,NA,7,5.1,-1.1,27.3075,-82.5573,08:39:05,08:39:02,27.30836383,-82.5569497,00:00:03,00:00:07,27.307377,-82.557101,-26,7,-1.100156,13.981642,29.066436,0,5.459553,NA,-82.556882,27.308423,-82.556957,27.308179,27.3075,-82.5573,1290652.57912201,-10260303.1337122,27.307377,-82.557101,1290674.3799382,-10260308.5185014,-82.556957,27.306374082249,129.298256303811,129.298256303811,112.042036433445
"41",46,179064,"F264",2019-06-10,14:18:29,-38,00:00:38,04:00:00,10:17:51,7,10:17:54,00:00:03,NA,60,60,NA,200,"Y","Y","Y","Y","MI",117,NA,1,7,1,6,7.9,-0.1,27.3269,-82.5578,10:17:54,10:17:53,27.32751061,-82.55760591,00:00:01,00:00:02,27.327081,-82.557681,-26,6,-0.112187,14.331661,29.794089,0,11.460298,NA,-82.557556,27.327384,-82.557566,27.327379,27.3269,-82.5578,1290509.70895028,-10260553.4650034,27.327081,-82.557681,1290521.56922482,-10260560.2076612,-82.5577733555251,27.326870180924,4.2274208473515,4.2274208473515,25.0850135317107
"42",47,179064,"F264",2019-06-10,14:30:40,-38,00:00:38,04:00:00,10:30:02,8,10:30:03,00:00:01,NA,60,60,NA,180,"Y","Y","Y","Y","TR",128,NA,2,6,1,5,4.3,-0.3,27.3295,-82.5596,10:30:03,10:30:03,27.33006424,-82.55936787,00:00:00,00:00:01,27.329528,-82.559651,-26,5,-0.274375,18.204052,37.844404,0,1.013089,NA,-82.559324,27.329925,-82.559335,27.329916,27.3295,-82.5596,1290305.66857931,-10260525.2382295,27.329528,-82.559651,1290300.09831543,-10260523.807247,-82.559335,27.3293745264082,29.6830630080659,29.6830630080659,35.597589945271
"43",48,179064,"F264",2019-06-10,16:31:21,-38,00:00:38,04:00:00,12:30:43,9,12:29:45,00:00:58,NA,50,50,41,315,"Y","Y","Y","Y",NA,192,NA,1,4,NA,4,236.5,-0.3,27.3264,-82.5586,12:29:45,12:29:43,27.32891332,-82.56329429,00:00:02,00:01:00,27.329746,-82.56393,-26,4,-0.615,0,0,0,0.651322,"Yay! This was implausible before. Now great. Could be another example",-82.56439,27.329303,-82.563357,27.328898,27.3264,-82.5586,1290426.66634519,-10260518.0438833,27.329746,-82.56393,1289842.58303226,-10260374.2972373,-82.5637142537757,27.329217065944,594.65379294882,594.65379294882,62.3783728336964
"44",49,179064,"F264",2019-06-10,16:42:54,-38,00:00:38,04:00:00,12:42:16,10,12:42:24,00:00:08,43,NA,43,NA,150,"Y","Y","Y","Y","MI",207,NA,1,8,4,4,31.2,-0.3,27.3259,-82.5575,12:42:24,12:42:23,27.32818888,-82.56408077,00:00:01,00:00:07,27.327657,-82.563896,-26,8,-0.248672,14.578677,30.307612,0,13.852174,"Yay! This was implausible before. Now great. Could be another example",-82.564177,27.328114,-82.564116,27.328107,27.3259,-82.5575,1290546.33233817,-10260550.3357931,27.327657,-82.563896,1289855.84759227,-10260346.6622792,-82.5638987525706,27.3277709333308,666.332752758981,666.332752758981,12.6277425744152
"45",50,179064,"F264",2019-06-11,12:22:04,-42,00:00:42,04:00:00,08:21:22,11,08:21:02,00:00:20,NA,30,30,306,125,"Y","Y","Y","Y",NA,236,NA,3,5,NA,5,2.5,-1.5,27.3196,-82.543,08:21:02,08:21:03,27.32110726,-82.54398541,00:00:01,00:00:19,27.319355,-82.543338,-26,5,-0.524688,24.74115,51.434376,0,4.853366,NA,-82.543943,27.320918,-82.543925,27.32111,27.3196,-82.543,1292122.48356777,-10260979.8526117,27.319355,-82.543338,1292087.55328192,-10260964.4175368,-82.5436767007504,27.3209547113414,164.376677673977,164.376677673977,180.403566698416
"46",51,179064,"F264",2019-06-11,12:53:17,-42,00:00:42,04:00:00,08:52:35,12,08:52:38,00:00:03,NA,30,30,NA,205,"Y","Y","Y","Y","TR",275,NA,3,7,1,6,6.4,-2.1,27.306,-82.5411,08:52:38,08:52:33,27.30637405,-82.54131518,00:00:05,00:00:02,27.305968,-82.541356,-26,6,-1.101875,12.303455,25.577652,0,5.641226,NA,-82.541357,27.306336,-82.541377,27.306286,27.306,-82.5411,1292388.09203378,-10260859.1466486,27.305968,-82.541356,1292360.92349182,-10260849.5890223,-82.5415050858264,27.3060406282503,40.3492781802618,40.3492781802618,16.8090239091446
"47",52,179064,"F264",2019-06-11,16:50:05,-43,00:00:43,04:00:00,12:49:22,13,12:49:28,00:00:06,NA,100,100,NA,330,"Y","Y","Y","Y","TR",343,NA,2,8,4,4,0.7,-1.5,27.3327,-82.5614,12:49:28,12:49:23,27.32966392,-82.56101735,00:00:05,00:00:01,27.331315,-82.561677,-26,8,-0.69625,14.131119,29.377184,0,6.81111,NA,-82.560948,27.329639,-82.560966,27.329756,27.3327,-82.5614,1290098.86364497,-10260505.2818278,27.331315,-82.561677,1290075.70468949,-10260476.2760652,-82.5614712391207,27.3305375488404,239.722218717781,239.722218717781,88.5222156466139
"48",53,179064,"F264",2019-06-11,17:00:18,-43,00:00:43,04:00:00,12:59:35,14,12:59:38,00:00:03,NA,110,110,NA,255,"Y","Y","Y","Y","TR",360,NA,1,4,NA,4,0.4,-1.2,27.3363,-82.5635,12:59:38,12:59:33,27.33656223,-82.56259969,00:00:05,00:00:02,27.33641,-82.563537,-26,4,-0.18,0,0,0,0.819817,NA,-82.562746,27.336594,-82.562806,27.336622,27.3363,-82.5635,1289858.21351202,-10260480.1304314,27.33641,-82.563537,1289853.75860456,-10260480.3301337,-82.5638797078794,27.3363650660498,38.260555940243,38.260555940243,34.277190315631
"49",54,179064,"F264",2019-06-12,16:32:34,-48,00:00:48,04:00:00,12:31:46,15,12:33:27,00:01:41,NA,65,65,359,15,"Y","Y","Y","Y","TR",290,NA,1,8,4,4,123.5,0.6,27.3009,-82.5426,12:33:27,12:33:29,27.31088134,-82.54009587,00:00:02,00:01:43,27.309723,-82.539999,-26,7,-0.15625,12.111192,25.177958,0,7.847391,"fixed implausible",-82.540245,27.309007,-82.540151,27.310914,27.3009,-82.5426,1292251.60064893,-10260735.103067,27.309723,-82.539999,1292488.36110391,-10260949.9290594,-82.5399810338936,27.3114806099966,1200.7384022955,1200.7384022955,194.766115833962
"50",55,179064,"F264",2019-06-12,16:43:44,-48,00:00:48,04:00:00,12:42:56,16,12:42:59,00:00:03,NA,35,35,NA,175,"Y","Y","Y","Y","TR",306,"Frame 17 of B",1,7,3,4,92.3,0.6,27.3096,-82.5291,12:42:59,12:43:00,27.30956135,-82.54259594,00:00:01,00:00:04,27.309165,-82.542408,-26,7,0.08625,14.390376,29.916153,0,12.254706,"Yay! This was implausible before. Now great. Could be another example",-82.54259,27.309661,-82.542588,27.309625,27.3096,-82.5291,1293651.89530588,-10261336.3443638,27.309165,-82.542408,1292233.89397419,-10260856.4162766,-82.5425571817239,27.3093103414338,1332.402104166,1332.402104166,21.8498571032254
"51",56,179064,"F264",2019-06-12,16:53:32,-48,00:00:48,04:00:00,12:52:44,17,12:52:46,00:00:02,NA,60,60,NA,300,"Y","Y","Y","Y","TR",324,NA,2,8,1,7,256.9,1.5,27.3105,-82.535,12:52:46,12:52:50,27.31148852,-82.5406888,00:00:04,00:00:06,27.31145,-82.541429,-26,8,-0.206719,13.284784,27.617737,0,7.485673,"Yay! This was implausible before. Now great. Could be another example",-82.540799,27.311577,-82.540807,27.311581,27.3105,-82.535,1293018.17522342,-10261138.7180175,27.31145,-82.541429,1292327.79206587,-10260922.9301271,-82.5413319719093,27.311851736505,644.389821746655,644.389821746655,45.5399772329178
"52",57,179064,"F264",2019-06-13,16:37:04,-53,00:00:53,04:00:00,12:36:11,18,12:34:35,00:01:36,28,NA,28,NA,115,"Y","Y","Y","Y","MI",249,"Frame A 129",2,4,NA,4,31.2,2.4,27.3309,-82.5591,12:34:35,12:34:32,27.30804205,-82.56354567,00:00:03,00:01:39,27.309888,-82.563453,-26,4,-0.45,0,0,0,7.772147,NA,-82.563358,27.308357,-82.563497,27.307935,27.3309,-82.5591,1290352.54839158,-10260562.405234,27.309888,-82.563453,1289985.04645556,-10260117.0507401,-82.5632406270139,27.3078282090058,2589.18958826418,2589.18958826418,229.208124405256
"53",58,179064,"F264",2019-06-13,16:48:44,-53,00:00:53,04:00:00,12:47:51,19,12:47:53,00:00:02,NA,40,40,NA,40,"Y","Y","Y","Y","TR",270,NA,3,8,4,4,17.9,0.6,27.3046,-82.5557,12:47:53,12:47:52,27.31133069,-82.5644722,00:00:01,00:00:01,27.311547,-82.564216,-26,8,-0.2775,12.992764,27.010656,0,11.120806,"WOW! Aweseomly close",-82.564465,27.311319,-82.56447,27.311334,27.3046,-82.5557,1290836.67862014,-10260320.0034494,27.311547,-82.564216,1289895.98983093,-10260112.7931776,-82.5642102349419,27.3116105290353,1145.88038844318,1145.88038844318,7.06264289017272
"54",59,179064,"F264",2019-06-13,17:00:11,-53,00:00:53,04:00:00,12:59:18,20,12:59:58,00:00:40,NA,100,100,NA,225,"Y","Y","Y","Y","TR",285,NA,2,7,3,4,92.8,0.6,27.3037,-82.5475,12:59:58,13:00:02,27.31449829,-82.56428034,00:00:04,00:00:44,27.313657,-82.564729,-26,7,-0.782187,14.01467,29.135097,0,9.6636,NA,-82.564197,27.314414,-82.564236,27.314499,27.3037,-82.5475,1291715.80582916,-10260599.4555881,27.313657,-82.564729,1289831.52950764,-10260123.6616571,-82.5649504091502,27.3138608640142,2061.83806980719,2061.83806980719,31.4730424925293
